{
    "1": {
        "TEMP_INIT": 0.07398609785678698,
        "NPAIRS": [
            0.1296316427343077,
            0.12876316757585612,
            0.12295590398382733,
            0.10223672277772267,
            0.10217127577159572,
            0.10893007593819529,
            0.09770306318044383,
            0.10352576276577999,
            0.10302823032044943,
            0.10378580404128816,
            0.10044193708662709,
            0.09899854661701459,
            0.09968378510735738,
            0.09738554992152403,
            0.09824552690438915,
            0.09332004279248524
        ]
    },
    "2": {
        "TEMP_INIT": 0.08509897279074652,
        "NPAIRS": [
            0.13110769996652333,
            0.12850252124995212,
            0.1251591124568569,
            0.11808210107731715,
            0.11295737536715537,
            0.11531428664201562,
            0.1124918005460134,
            0.11197620849905116,
            0.10945056508667346,
            0.10918369590872763,
            0.10995484889287016,
            0.11074424909542228,
            0.10754950316514283,
            0.11055813727255331,
            0.10731430630193108,
            0.10502513733706431
        ]
    },
    "3": {
        "TEMP_INIT": 0.08654189282365285,
        "NPAIRS": [
            0.14060143344715026,
            0.1357585418177919,
            0.12314559859737324,
            0.11797765711011152,
            0.11711589707981382,
            0.12376155349744257,
            0.11345961612661644,
            0.11577046502828359,
            0.11325723108407618,
            0.11379630303547392,
            0.11259990338677624,
            0.1123511070325571,
            0.11283195477256715,
            0.11024757693460037,
            0.10814948380024841,
            0.10496195699848557
        ]
    },
    "4": {
        "TEMP_INIT": 0.08103121967129565,
        "NPAIRS": [
            0.11977101729393098,
            0.11923355004907465,
            0.11935892629217797,
            0.11588306892038319,
            0.10866270531027367,
            0.10905926111016165,
            0.11376594564310029,
            0.10485976022410425,
            0.10743921035184255,
            0.1126623999122457,
            0.10935367222483086,
            0.10462999180893459,
            0.10621963490373108,
            0.10723522137231219,
            0.10710320984408556,
            0.10562160778082508
        ]
    }
}