{
    "1": {
        "TEMP_INIT": {
            "means": [
                0.041913430199078575
            ],
            "std": [
                0.007560347359247302
            ]
        },
        "TEMP_FINAL": {
            "40": {
                "40": {
                    "means": [
                        0.44374770337671005,
                        0.12785900340070167,
                        0.08563395124665113,
                        0.06422588574704832,
                        0.04995187559320654,
                        0.04303589702312678,
                        0.04206652758673624,
                        0.041931610423430965
                    ],
                    "std": [
                        0.035734616544216835,
                        0.014877175060202101,
                        0.012242386205233796,
                        0.009966901816891747,
                        0.008536954807555027,
                        0.006955479690645074,
                        0.007440337631493362,
                        0.007543484568131551
                    ]
                }
            },
            "60": {
                "40": {
                    "means": [
                        0.4458881126531008,
                        0.14004879702812204,
                        0.08291835224021682,
                        0.061760538145133756,
                        0.04836902011034972,
                        0.043041557411936285,
                        0.04212734599065017,
                        0.04193379319266908
                    ],
                    "std": [
                        0.04047281138142149,
                        0.019619062589269803,
                        0.014439467487050111,
                        0.00827266209563389,
                        0.006962284931181489,
                        0.008243806274677426,
                        0.007562006468981032,
                        0.007536640391232859
                    ]
                }
            },
            "80": {
                "40": {
                    "means": [
                        0.43793230201940625,
                        0.14235231552836478,
                        0.08583504253862903,
                        0.06278724493830429,
                        0.04811148258991428,
                        0.04374721042159661,
                        0.04207049560320261,
                        0.041924746738354765
                    ],
                    "std": [
                        0.03577667520419,
                        0.0260223414896285,
                        0.015013698074722488,
                        0.008189348518869691,
                        0.007496178954310369,
                        0.00755576818762743,
                        0.007577638561433571,
                        0.007556646563576845
                    ]
                }
            },
            "100": {
                "40": {
                    "means": [
                        0.4419171677189017,
                        0.14231304188162297,
                        0.08655099322173979,
                        0.06024248690279923,
                        0.04902558911817749,
                        0.04371375776395851,
                        0.042028516351250225,
                        0.041925253735345225
                    ],
                    "std": [
                        0.04018952101454199,
                        0.018296315142451197,
                        0.015994289757596817,
                        0.011535694432300556,
                        0.007644530108206979,
                        0.007242913868132752,
                        0.007553392594341787,
                        0.0075436443084606715
                    ]
                }
            }
        }
    },
    "2": {
        "TEMP_INIT": {
            "means": [
                0.06916244651431586
            ],
            "std": [
                0.007954929531518103
            ]
        },
        "TEMP_FINAL": {
            "50": {
                "60": {
                    "means": [
                        0.4999940663616106,
                        0.23267478806424088,
                        0.15476453581267977,
                        0.12570111199370265,
                        0.10677337929308364,
                        0.089331047709001,
                        0.08009066199086769,
                        0.07425262930405808,
                        0.0714256510264302,
                        0.06974274601410613,
                        0.06941127106819495,
                        0.06926617154835381
                    ],
                    "std": [
                        0.04514065611921121,
                        0.028048561885564028,
                        0.014144034390463257,
                        0.010046878003170955,
                        0.011493772864810785,
                        0.009040098823491906,
                        0.0089685511652869,
                        0.0076259846932758505,
                        0.007954987097095908,
                        0.007980256083079808,
                        0.007950241081921015,
                        0.007954837655673556
                    ]
                }
            },
            "100": {
                "60": {
                    "means": [
                        0.49974529990790273,
                        0.22560696005192654,
                        0.1618488298253361,
                        0.12222650114595654,
                        0.10420689499408911,
                        0.08893169874918602,
                        0.07922269152093477,
                        0.07366499879922686,
                        0.07032955455950611,
                        0.06977501627611578,
                        0.06949701506747455,
                        0.06917668447072536
                    ],
                    "std": [
                        0.05009369647119051,
                        0.026209963295226704,
                        0.01394910749094083,
                        0.009949132610179337,
                        0.011415315228616673,
                        0.010392410712276746,
                        0.0074251994493799165,
                        0.00786172710122867,
                        0.007976291954071558,
                        0.00795970122741093,
                        0.008018574470442172,
                        0.007961800261164562
                    ]
                }
            },
            "150": {
                "60": {
                    "means": [
                        0.49927988761886155,
                        0.2097792157810941,
                        0.15570889464222637,
                        0.12341764387348945,
                        0.10727381456545201,
                        0.08735590816712167,
                        0.07765167637047443,
                        0.0729310954589096,
                        0.07034385968680196,
                        0.06977516629998279,
                        0.06947590089153804,
                        0.06925392862338245
                    ],
                    "std": [
                        0.04755755734076554,
                        0.018713744287239504,
                        0.014176720861452583,
                        0.010259850618323093,
                        0.010210807612848418,
                        0.007944675270760046,
                        0.006776414993982036,
                        0.007273850681469089,
                        0.007998342959757772,
                        0.007911194415467386,
                        0.008015218553209816,
                        0.007964576492865458
                    ]
                }
            },