{
    "1": {
        "TEMP_INIT": {
            "means": [
                0.073986097856787
            ],
            "std": [
                0.015660473337146076
            ]
        },
        "TEMP_FINAL": {
            "5": {
                "20": {
                    "means": [
                        0.6402643694779029,
                        0.16418370826988096,
                        0.11161363468329469,
                        0.08661670100333654
                    ],
                    "std": [
                        0.2917590519490647,
                        0.04832320364980165,
                        0.022902895869557842,
                        0.017524343818811045
                    ]
                }
            },
            "10": {
                "20": {
                    "means": [
                        0.47687854492299603,
                        0.1670531234849632,
                        0.09840774423365291,
                        0.07786813230992648
                    ],
                    "std": [
                        0.1297382428495374,
                        0.05099159627632073,
                        0.019222975185242082,
                        0.01676471794011843
                    ]
                }
            },
            "20": {
                "20": {
                    "means": [
                        0.45036584092082493,
                        0.15122054504383314,
                        0.09265596018453945,
                        0.07536586879207882
                    ],
                    "std": [
                        0.06890413992742724,
                        0.024308754859064387,
                        0.021910573658850935,
                        0.015119950030505543
                    ]
                }
            },
            "30": {
                "20": {
                    "means": [
                        0.46721338774025317,
                        0.13486918642846132,
                        0.09079063590823107,
                        0.0751285951576634
                    ],
                    "std": [
                        0.06016173912900053,
                        0.022511536634110808,
                        0.018757398097728865,
                        0.015313857488800809
                    ]
                }
            }
        }
    }
}