{
    "1": {
        "TEMP_INIT": {
            "means": [
                0.041913430199078575
            ],
            "std": [
                0.007560347359247302
            ]
        },
        "TEMP_FINAL": {
            "40": {
                "means": [
                    0.6609345841963226,
                    0.1938767484431378,
                    0.10596480663026822,
                    0.07990690661386468,
                    0.06451764711733116,
                    0.05057720352499684,
                    0.044898822682955135,
                    0.042131142118173856
                ],
                "std": [
                    0.17627425583616857,
                    0.06539664272735711,
                    0.016862236914310835,
                    0.014155142413685947,
                    0.010774751334649089,
                    0.007053368014368142,
                    0.0077323647512685155,
                    0.007552597688849387
                ]
            }
        }
    },
    "2": {
        "TEMP_INIT": {
            "means": [
                0.06916244651431586
            ],
            "std": [
                0.007954929531518103
            ]
        },
        "TEMP_FINAL": {
            "60": {
                "means": [
                    0.8233877837548906,
                    0.25070415258241563,
                    0.1800472133709527,
                    0.1501665567217819,
                    0.1296517358185847,
                    0.11332842670225747,
                    0.10216231183681615,
                    0.09377214012930837,
                    0.0884945364931118,
                    0.08360066527196952,
                    0.07716181185037904,
                    0.07230749944828073
                ],
                "std": [
                    0.3311457509485631,
                    0.038882801201214866,
                    0.02723833280792884,
                    0.021941533801451325,
                    0.017313104496430268,
                    0.015351828194789786,
                    0.012961987207274173,
                    0.011059452496224838,
                    0.010850522318887333,
                    0.010570316631595146,
                    0.00886180004306288,
                    0.00922007394820561
                ]
            }
        }
    },
    "3": {
        "TEMP_INIT": {
            "means": [
                0.061690494515915864
            ],
            "std": [
                0.003998184276538617
            ]
        },
        "TEMP_FINAL": {
            "50": {
                "means": [
                    0.784184563636021,
                    0.2601243652909929,
                    0.16497211394301026,
                    0.12589951903392382,
                    0.10431036230127629,
                    0.09400687179098074,
                    0.08222216679823034,
                    0.07477852058398768,
                    0.06865046096821828,
                    0.06447668717346364
                ],
                "std": [
                    0.22421909869254977,
                    0.07060164718537867,
                    0.04470089139575405,
                    0.020985212191929555,
                    0.015365601091886507,
                    0.015183280972562723,
                    0.007873571094216759,
                    0.00555082812999083,
                    0.005028871592370633,
                    0.0040429404814952535
                ]
            }
        }
    },
    "4": {
        "TEMP_INIT": {
            "means": [
                0.061124725896971564
            ],
            "std": [
                0.004868632367152114
            ]
        },
        "TEMP_FINAL": {
            "50": {
                "means": [
                    0.6137170866911908,
                    0.2220806557312521,
                    0.1555794156531619,
                    0.12026827018305723,
                    0.09777492036178057,
                    0.08656880506628552,
                    0.08056642929685873,
                    0.07284547610886287,
                    0.06745582466468587,
                    0.06379077342595436
                ],
                "std": [
                    0.13938447478079463,
                    0.04419142332217657,
                    0.03048918980509278,
                    0.02234841559605055,
                    0.009904263638870276,
                    0.008678615190713116,
                    0.006833525010202084,
                    0.004578869524401778,
                    0.0048948507214272696,
                    0.004540854500850852
                ]
            }
        }
    }
}