{
    "BBe": 0.03176328428467272,
    "BeN": 0.15354272155355825,
    "BeMg": 0.009965895039954377,
    "BeO": 0.011537323444377355,
    "BeLi": 0.016495339998519713,
    "BeC": 0.0007320617916633639,
    "BeNa": 0.0,
    "BeSi": 0.0,
    "BeS": 0.018078344076823454,
    "BeCl": 0.051414482775995946,
    "BeF": 0.027349077867680288,
    "BeP": 0.0,
    "BeH": 0.00020119620134195909,
    "AlBe": 0.0,
    "BN": 0.0452053398758001,
    "BMg": 0.011556713472102695,
    "BO": 0.16235943454949825,
    "BLi": 0.09386652797531053,
    "BC": 0.0,
    "BNa": 0.13681935136631526,
    "BSi": 0.006914801408007421,
    "BS": 0.10146896833162863,
    "BCl": 0.09312636984050716,
    "BF": 0.09368666394961254,
    "BP": 0.048799725667252165,
    "BH": 0.002217930875805591,
    "AlB": 0.006389751047330477,
    "MgN": 0.040272316099866756,
    "NO": 0.18862266341880995,
    "LiN": 0.07087525465940082,
    "CN": 0.22993604590108052,
    "NNa": 0.09661546059798545,
    "NSi": 0.17458982008968718,
    "NS": 0.051720780381992425,
    "ClN": 0.09533997282428827,
    "FN": 0.12581336700320184,
    "NP": 0.10714224954319233,
    "HN": 0.10313573392935058,
    "AlN": 0.16459987880297725,
    "MgO": 0.004286501027382327,
    "LiMg": 0.022149531658990345,
    "CMg": 0.00027834685362221237,
    "MgNa": 0.01769845960446014,
    "MgSi": 0.015314506566591163,
    "MgS": 0.005908738330451444,
    "ClMg": 0.009628510444690706,
    "FMg": 0.010396950519285148,
    "MgP": 0.05183490623835209,
    "HMg": 0.01668066549468679,
    "AlMg": 0.006141782489589342,
    "LiO": 0.011626408529643513,
    "CO": 0.033667601136329495,
    "NaO": 0.05693063016586184,
    "OSi": 0.09229555945200608,
    "OS": 0.052923252660558875,
    "ClO": 0.1778280104048804,
    "FO": 0.042161039329635566,
    "OP": 0.2080697627988985,
    "HO": 0.08341135988832712,
    "AlO": 0.1809919172140291,
    "CLi": 0.03130868587683839,
    "LiNa": 0.03210160901884957,
    "LiSi": 0.02171646205160778,
    "LiS": 0.0538333036422719,
    "ClLi": 0.011069616008690022,
    "FLi": 0.004256628818814316,
    "LiP": 0.03372114461828553,
    "HLi": 0.0032986770646665905,
    "AlLi": 0.016294014417015695,
    "CNa": 0.054451442968325034,
    "CSi": 0.009396674914142561,
    "CS": 0.0,
    "CCl": 0.0,
    "CF": 0.00166645816018728,
    "CP": 0.0,
    "CH": 0.017969583991905905,
    "AlC": 0.0012865850409944782,
    "NaSi": 0.014194614276521215,
    "NaS": 0.043949303430066436,
    "ClNa": 0.035183201919457445,
    "FNa": 0.04884395472943927,
    "NaP": 0.013708976920471775,
    "HNa": 0.027226365251778475,
    "AlNa": 0.014545343634874914,
    "SSi": 0.013714322410322657,
    "ClSi": 0.042780789649394114,
    "FSi": 0.010766007353439001,
    "PSi": 0.02827463462635458,
    "HSi": 0.0,
    "AlSi": 0.010879017199471246,
    "ClS": 0.0931882732253487,
    "FS": 0.054886212023580974,
    "PS": 0.007088556254675878,
    "HS": 0.04843317408339381,
    "AlS": 0.04916313298867481,
    "ClF": 0.13099657484888955,
    "ClP": 0.07221583770639729,
    "ClH": 0.10198128087388439,
    "AlCl": 0.02787748859721669,
    "FP": 0.08093504713291567,
    "FH": 0.0924174247982221,
    "AlF": 0.04794559788143066,
    "HP": 0.0,
    "AlP": 0.011355372146347872,
    "AlH": 0.013593600413089262
}