{
    "BBe": 0.03524421997000716,
    "BeN": 0.15824444510267016,
    "BeMg": 0.009965895039954377,
    "BeO": 0.022165337010453232,
    "BeLi": 0.006789780933954344,
    "BeC": 0.000540093422661435,
    "BeNa": 0.0,
    "BeSi": 0.0,
    "BeS": 0.02488125119015594,
    "BeCl": 0.051654536169279654,
    "BeF": 0.01845850524767335,
    "BeP": 0.0,
    "BeH": 0.00036337098800913556,
    "AlBe": 0.0,
    "BN": 0.059130636843179075,
    "BMg": 0.012803865588105963,
    "BO": 0.13500072439650646,
    "BLi": 0.09399211412034707,
    "BC": 0.0,
    "BNa": 0.15043020148382424,
    "BSi": 0.008893187503340982,
    "BS": 0.11569382845385405,
    "BCl": 0.09666517567655829,
    "BF": 0.08740863081055106,
    "BP": 0.06838675908554927,
    "BH": 0.002217930875805591,
    "AlB": 0.006294976727331071,
    "MgN": 0.049387910625861786,
    "NO": 0.20429371024770715,
    "LiN": 0.06437820835564845,
    "CN": 0.22844127617481685,
    "NNa": 0.07616310185542387,
    "NSi": 0.1563305231023374,
    "NS": 0.04328614296799553,
    "ClN": 0.08062974460332217,
    "FN": 0.1501509967343918,
    "NP": 0.11415890229112295,
    "HN": 0.1128962345359398,
    "AlN": 0.1677083302783881,
    "MgO": 0.007462870826431708,
    "LiMg": 0.0412354791662862,
    "CMg": 0.0023145896723008284,
    "MgNa": 0.011798669326319766,
    "MgSi": 0.010793988122514961,
    "MgS": 0.014218319349638998,
    "ClMg": 0.004772159544671666,
    "FMg": 0.010412851242608486,
    "MgP": 0.04642461930703103,
    "HMg": 0.012828383855017502,
    "AlMg": 0.008576707182498682,
    "LiO": 0.005560903850163718,
    "CO": 0.01606500981466042,
    "NaO": 0.05317732471424689,
    "OSi": 0.10552796530133729,
    "OS": 0.060958126267053096,
    "ClO": 0.1778280104048804,
    "FO": 0.042161039329635566,
    "OP": 0.23029672160200723,
    "HO": 0.10251759212066319,
    "AlO": 0.20223821323136368,
    "CLi": 0.021392020825423293,
    "LiNa": 0.03218369522801888,
    "LiSi": 0.012356700777394225,
    "LiS": 0.06183772303024369,
    "ClLi": 0.005101433698985467,
    "FLi": 0.0011244389597771165,
    "LiP": 0.011426670251331598,
    "HLi": 0.002622655632592608,
    "AlLi": 0.005495039182688677,
    "CNa": 0.048007317478927516,
    "CSi": 0.025960780950218587,
    "CS": 0.0,
    "CCl": 0.0,
    "CF": 0.022059544130996738,
    "CP": 0.0,
    "CH": 0.026398332214371673,
    "AlC": 0.00010745626332848925,
    "NaSi": 0.017361129664931883,
    "NaS": 0.031145449957917893,
    "ClNa": 0.04315086415240882,
    "FNa": 0.05225216271477479,
    "NaP": 0.010459220213412142,
    "HNa": 0.028899901472662862,
    "AlNa": 0.0025559964074689055,
    "SSi": 0.008196277829988217,
    "ClSi": 0.04020029031761387,
    "FSi": 0.002912618234768126,
    "PSi": 0.028609524999318063,
    "HSi": 0.0,
    "AlSi": 0.013693880775477153,
    "ClS": 0.04257102076502157,
    "FS": 0.09847065481422201,
    "PS": 6.0949533330758824e-05,
    "HS": 0.04843317408339381,
    "AlS": 0.05197025026438002,
    "ClF": 0.089968121505665,
    "ClP": 0.009256622625768006,
    "ClH": 0.10125164840803468,
    "AlCl": 0.02172161174799511,
    "FP": 0.09692820513922544,
    "FH": 0.09842177519222785,
    "AlF": 0.046636154006838314,
    "HP": 0.0,
    "AlP": 0.021096118583163223,
    "AlH": 0.015310535883070344
}