{
    "1": {
        "ErrBef": {
            "20": 0.05889208510625793,
            "30": 0.029011865750176856,
            "40": 0.018863450204867876
        },
        "ErrAft": {
            "20": {
                "1": 0.11679779273810258,
                "6": 0.09264982725892973,
                "11": 0.0859132417432027,
                "16": 0.08575444608864556,
                "21": 0.08434911784670794,
                "26": 0.08187946859677439,
                "31": 0.08238877278525764,
                "36": 0.0815467609281232,
                "41": 0.08111153922079897,
                "46": 0.08259653875142212,
                "51": 0.08213619805929186,
                "56": 0.08076113088486335,
                "61": 0.08168020240145625,
                "66": 0.08216758478560728,
                "71": 0.08249139358206528,
                "76": 0.08285021624995315,
                "81": 0.08246179842355986,
                "86": 0.08282372979189878,
                "91": 0.08277126989499879,
                "95": 0.08511617528655571
            },
            "30": {
                "1": 0.10403923895387451,
                "6": 0.07979289319601775,
                "11": 0.07344489663873521,
                "16": 0.07317625610721068,
                "21": 0.07299690426614883,
                "26": 0.07156012391872878,
                "31": 0.07029898360137304,
                "36": 0.07000251970922117,
                "41": 0.07157794912255723,
                "46": 0.07077939719372488,
                "51": 0.0707966112053806,
                "56": 0.06999008716427603,
                "61": 0.07132138506713828,
                "66": 0.07165097003177885,
                "71": 0.07107846780189635,
                "76": 0.07163310970077483,
                "81": 0.07179190966973328,
                "86": 0.07190993027014737,
                "91": 0.07222527691379708,
                "95": 0.0737363103337386
            },
            "40": {
                "1": 0.11190924589020454,
                "6": 0.08173005380163821,
                "11": 0.07610302911536695,
                "16": 0.07465447641312906,
                "21": 0.07347187722527922,
                "26": 0.07199917225962396,
                "31": 0.07381197247803681,
                "36": 0.0724619963348709,
                "41": 0.07317914747741192,
                "46": 0.07267599654021373,
                "51": 0.07322630493089143,
                "56": 0.0738516745047488,
                "61": 0.07249018753401455,
                "66": 0.07365317696657048,
                "71": 0.07272641273756973,
                "76": 0.07444188069377732,
                "81": 0.07338936342312632,
                "86": 0.07366008926853178,
                "91": 0.07440631314965773,
                "95": 0.07427840682388545
            }
        }
    },
    "2": {
        "ErrBef": {
            "40": 0.05228413142271889,
            "50": 0.04356213524892639,
            "60": 0.038104363472585084
        },
        "ErrAft": {
            "40": {
                "1": 0.09398617442080637,
                "6": 0.08053555843215303,
                "11": 0.07524539864613725,
                "16": 0.07314465595910655,
                "21": 0.07191159339766906,
                "26": 0.07094328537447354,
                "31": 0.07060475183174751,
                "36": 0.06959970546569413,
                "41": 0.0696874988147563,
                "46": 0.06949435961157441,
                "51": 0.06869969786557634,
                "56": 0.06864828918284245,
                "61": 0.06849229530777161,
                "66": 0.0682341961415351,
                "71": 0.06794410608263576,
                "76": 0.06828970190417916,
                "81": 0.06774740030528774,
                "86": 0.06820526993995246,
                "91": 0.06783048365258637,
                "96": 0.06786738208175054,
                "101": 0.06757769833128353,
                "106": 0.06773983838211868,
                "111": 0.06769986219559204,
                "116": 0.0677225524664232,
                "121": 0.06778742946448543,
                "126": 0.06768373669270254,
                "131": 0.06759357347162095,
                "136": 0.06792202519712401,
                "141": 0.06767912872891409,
                "146": 0.0675034486216411,
                "151": 0.06755894708436114,
                "156": 0.06773370498379666,
                "161": 0.06766680800918043,
                "166": 0.0680332502595844,
                "171": 0.06809516175423717,
                "176": 0.0678909169909945,
                "180": 0.06897348911430082
            },
            "50": {
                "1": 0.09333469940723184,
                "6": 0.07954396861562096,
                "11": 0.07420052783481437,
                "16": 0.07227863993110835,
                "21": 0.07132669267326901,
                "26": 0.06953345125017658,
                "31": 0.0694936227641643,
                "36": 0.0681615671762204,
                "41": 0.06773174676914463,
                "46": 0.06756971301155866,
                "51": 0.06773832497830451,
                "56": 0.06682605493861425,
                "61": 0.06685742121024926,
                "66": 0.06694303991104722,
                "71": 0.06611353241546372,
                "76": 0.06626035054426403,
                "81": 0.06612537142099037,
                "86": 0.06652569122489707,
                "91": 0.06587614276452275,
                "96": 0.06601052177053972,
                "101": 0.06525438277028685,
                "106": 0.06574252229993013,
                "111": 0.06601416673849195,
                "116": 0.06560780733500986,
                "121": 0.06612165232324102,
                "126": 0.06597527363992395,
                "131": 0.06582256093290675,
                "136": 0.0655148348013918,
                "141": 0.06562014842140748,
                "146": 0.06588640925277928,
                "151": 0.06551354070876829,
                "156": 0.06587384742628688,
                "161": 0.0662474594149734,
                "166": 0.06612947624303957,
                "171": 0.0667174618074652,
                "176": 0.06645463031564129,
                "180": 0.06765221774456356
            },
            "60": {
                "1": 0.09217117339132547,
                "6": 0.07976595607521422,
                "11": 0.07372661187253148,
                "16": 0.07230868222262696,
                "21": 0.07080373332074702,
                "26": 0.07016724320082021,
                "31": 0.06876155455216991,
                "36": 0.06858427555746022,
                "41": 0.06840576190300818,
                "46": 0.06779504959522474,
                "51": 0.06717883028146336,
                "56": 0.06760419450261476,
                "61": 0.06694770329940161,
                "66": 0.06684768398805874,
                "71": 0.06664766518461256,
                "76": 0.06637262174745702,
                "81": 0.066068425297232,
                "86": 0.06599287054936696,
                "91": 0.06622953897971412,
                "96": 0.066032571361039,
                "101": 0.06620002917477569,
                "106": 0.06601134958988757,
                "111": 0.06543453927841111,
                "116": 0.06587990905707997,
                "121": 0.06582642725557757,
                "126": 0.06593861174435516,
                "131": 0.06626245278409633,
                "136": 0.06579246144764116,
                "141": 0.06610011987926577,
                "146": 0.06556281451400946,
                "151": 0.0659132629124599,
                "156": 0.06607847225378641,
                "161": 0.06625032417291199,
                "166": 0.06645777078093115,
                "171": 0.0665053945189409,
                "176": 0.06662029891491096,
                "180": 0.06839865106745642
            }
        }
    },