{
    "1": {
        "ErrBef": {
            "20": 0.0844153935955092,
            "30": 0.05125525893158834,
            "40": 0.041519553823042066
        },
        "ErrAft": {
            "20": {
                "1": 0.15070597716271456,
                "6": 0.11926140555183078,
                "11": 0.11357632206002947,
                "16": 0.11257998961454158,
                "21": 0.11002640263312764,
                "26": 0.10997476372944473,
                "31": 0.11044156289883156,
                "36": 0.109845604531067,
                "41": 0.10926600265193681,
                "46": 0.1092551846213042,
                "51": 0.10917102826133938,
                "56": 0.10877707055227273,
                "61": 0.11007159044987652,
                "66": 0.10918792567243356,
                "71": 0.11005099379546994,
                "76": 0.10914667050627318,
                "81": 0.10995993059674904,
                "86": 0.11020637332013641,
                "91": 0.11095211804158493,
                "95": 0.10897478849269679
            },
            "30": {
                "1": 0.1338838553598767,
                "6": 0.10545974163940178,
                "11": 0.09919978445909954,
                "16": 0.09635060548906423,
                "21": 0.09562809607249229,
                "26": 0.09309428278480135,
                "31": 0.09506557796177195,
                "36": 0.09353237224073871,
                "41": 0.09445969163728896,
                "46": 0.09404548503041664,
                "51": 0.09470550966953338,
                "56": 0.0961016310257678,
                "61": 0.0959528342778438,
                "66": 0.0946347050864662,
                "71": 0.09609185153598818,
                "76": 0.09647327419191422,
                "81": 0.0960682517324506,
                "86": 0.09685547222389095,
                "91": 0.0971035521470711,
                "95": 0.09446691637551954
            },
            "40": {
                "1": 0.14146035963172196,
                "6": 0.10757319108081351,
                "11": 0.10167956805984332,
                "16": 0.1004509999263712,
                "21": 0.0984721822959172,
                "26": 0.09768352618991075,
                "31": 0.0988734179504601,
                "36": 0.09782271545703149,
                "41": 0.09687586145406095,
                "46": 0.0971603500443945,
                "51": 0.09759648844201634,
                "56": 0.09763755055497574,
                "61": 0.09728279122381642,
                "66": 0.09765666243375824,
                "71": 0.09708493303354981,
                "76": 0.09674621621026396,
                "81": 0.09740847515773951,
                "86": 0.09820872556789605,
                "91": 0.09829704010742127,
                "95": 0.09937338935423341
            }
        }
    },
    "2": {
        "ErrBef": {
            "40": 0.08746663569145383,
            "50": 0.07881990928403793,
            "60": 0.07291055278348198
        },
        "ErrAft": {
            "40": {
                "1": 0.1335123384636995,
                "6": 0.11796216949195062,
                "11": 0.11115851347493758,
                "16": 0.10934314484035142,
                "21": 0.10792385141587642,
                "26": 0.10737270216178457,
                "31": 0.10650837805886286,
                "36": 0.10632552019833955,
                "41": 0.105952811939141,
                "46": 0.10536176601554699,
                "51": 0.10528285079050433,
                "56": 0.10512837211891785,
                "61": 0.10448289062368848,
                "66": 0.10464221689557661,
                "71": 0.10438870408689438,
                "76": 0.10433823045146925,
                "81": 0.10456986527171289,
                "86": 0.10411804917925384,
                "91": 0.1043139660680903,
                "96": 0.10428869914777325,
                "101": 0.10466089034115014,
                "106": 0.10412129861035449,
                "111": 0.10412899057592939,
                "116": 0.10402939377416105,
                "121": 0.10396236863945044,
                "126": 0.10409272306519943,
                "131": 0.10377208912232616,
                "136": 0.10434664698729562,
                "141": 0.1038756714135728,
                "146": 0.10404900880537198,
                "151": 0.10421291718771199,
                "156": 0.10428867005220376,
                "161": 0.10444134390647852,
                "166": 0.10412802804048701,
                "171": 0.10424254191133603,
                "176": 0.10422015847839596,
                "180": 0.10372696497746653
            },
            "50": {
                "1": 0.13407855016607112,
                "6": 0.11766048615311657,
                "11": 0.11217098337613773,
                "16": 0.10964141292053928,
                "21": 0.10770915705604514,
                "26": 0.10692266939797183,
                "31": 0.10670322933275636,
                "36": 0.1048311360367004,
                "41": 0.10470834092344315,
                "46": 0.10471143807993247,
                "51": 0.10398189311361568,
                "56": 0.10422472793292191,
                "61": 0.10378021819042935,
                "66": 0.10298622150661862,
                "71": 0.10290674866157017,
                "76": 0.10357436584839085,
                "81": 0.10287290916870706,
                "86": 0.10280491867044979,
                "91": 0.10236828507407916,
                "96": 0.10243784135884966,
                "101": 0.10273145697845167,
                "106": 0.1028132382997263,
                "111": 0.10217816550433755,
                "116": 0.1022846099546642,
                "121": 0.10191837688769002,
                "126": 0.10214460812509253,
                "131": 0.10223958691021168,
                "136": 0.10231067952786346,
                "141": 0.10225444348262652,
                "146": 0.10232954040634605,
                "151": 0.10232280054373083,
                "156": 0.10258250137529219,
                "161": 0.10275176134921679,
                "166": 0.10275569816994233,
                "171": 0.10287271568218717,
                "176": 0.10364966600489374,
                "180": 0.10268677902437177
            },
            "60": {
                "1": 0.1333451954457288,
                "6": 0.11726221492797938,
                "11": 0.11162799323315588,
                "16": 0.10898548556094473,
                "21": 0.10741035340806532,
                "26": 0.10679486189026484,
                "31": 0.10576789710541716,
                "36": 0.10532308755902035,
                "41": 0.10450865577434035,
                "46": 0.104326520874037,
                "51": 0.10424161998119136,
                "56": 0.1043476224733876,
                "61": 0.10370992005949387,
                "66": 0.10407967308145002,
                "71": 0.10349451117340634,
                "76": 0.10310907388111497,
                "81": 0.10293183216688973,
                "86": 0.102905610253699,
                "91": 0.10245216413458437,
                "96": 0.10271018355411508,
                "101": 0.10243806442385811,
                "106": 0.10281107721601711,
                "111": 0.10287836603863465,
                "116": 0.10270589848040439,
                "121": 0.10243846859459572,
                "126": 0.10311489999612361,
                "131": 0.10262179777644828,
                "136": 0.10314971385437793,
                "141": 0.10262177272676433,
                "146": 0.10251405808398636,
                "151": 0.10299360691685326,
                "156": 0.10291842709028842,
                "161": 0.10289997781532437,
                "166": 0.10384041376479405,
                "171": 0.10376975227320946,
                "176": 0.10384885242900774,
                "180": 0.10487387065399985
            }
        }
    },