{
    "BBe": 0.04742395074833823,
    "BeN": 0.17750849374280558,
    "BeMg": 0.009965895039954377,
    "BeO": 0.02552040880097155,
    "BeLi": 0.009527250624684316,
    "BeC": 0.02871479660533539,
    "BeNa": 0.0,
    "BeSi": 0.0,
    "BeS": 0.021211372921120752,
    "BeCl": 0.04907294444368112,
    "BeF": 0.039169094142681646,
    "BeP": 0.0,
    "BeH": 0.0013859697496599157,
    "AlBe": 0.0,
    "BN": 0.08653679738787352,
    "BMg": 0.009765194173291435,
    "BO": 0.17085408590675386,
    "BLi": 0.04548146416377938,
    "BC": 0.0,
    "BNa": 0.08563725823560181,
    "BSi": 0.002096842809327981,
    "BS": 0.10544534088385973,
    "BCl": 0.10251470818979003,
    "BF": 0.10477109623431932,
    "BP": 0.09462494607480905,
    "BH": 0.002217930875805591,
    "AlB": 0.00647721868799789,
    "MgN": 0.07893694390193515,
    "NO": 0.17291912770632126,
    "LiN": 0.09029740078917992,
    "CN": 0.22993604590108052,
    "NNa": 0.11014554899914511,
    "NSi": 0.21652120808908565,
    "NS": 0.0830950098916669,
    "ClN": 0.10490406630608887,
    "FN": 0.13917750039709711,
    "NP": 0.06434351647017338,
    "HN": 0.10330848626678371,
    "AlN": 0.14722976106786642,
    "MgO": 0.0074634169923631895,
    "LiMg": 0.034743554449785885,
    "CMg": 0.020903417718960784,
    "MgNa": 0.018927332808644375,
    "MgSi": 0.024181147379929373,
    "MgS": 0.014515778695706324,
    "ClMg": 0.011700263191997337,
    "FMg": 0.007092087386962635,
    "MgP": 0.049959603572934545,
    "HMg": 0.016010686756695255,
    "AlMg": 0.008622389773219252,
    "LiO": 0.04047058900030187,
    "CO": 0.00570013600032982,
    "NaO": 0.06293107518571427,
    "OSi": 0.043881611046012285,
    "OS": 0.0965246931953834,
    "ClO": 0.1778280104048804,
    "FO": 0.042161039329635566,
    "OP": 0.1793702355107068,
    "HO": 0.07703581254499677,
    "AlO": 0.15845149860397992,
    "CLi": 0.03893685008501512,
    "LiNa": 0.00987231339051391,
    "LiSi": 0.02128368974981372,
    "LiS": 0.07781585927376805,
    "ClLi": 0.005215569675358134,
    "FLi": 0.0014809966940739889,
    "LiP": 0.03056581905013017,
    "HLi": 0.002807443663111235,
    "AlLi": 0.016438313015462863,
    "CNa": 0.03733128935966656,
    "CSi": 0.02239187852688329,
    "CS": 0.0,
    "CCl": 0.0,
    "CF": 0.05444969153041365,
    "CP": 0.0,
    "CH": 0.02754008163676388,
    "AlC": 0.013959464082070615,
    "NaSi": 0.01870900126584965,
    "NaS": 0.037877548517688965,
    "ClNa": 0.040429458291459476,
    "FNa": 0.05216251279921107,
    "NaP": 0.019732509841575468,
    "HNa": 0.028689026030441524,
    "AlNa": 0.020814600725978603,
    "SSi": 0.020335680652990348,
    "ClSi": 0.055154872739592097,
    "FSi": 0.011443115653369786,
    "PSi": 0.031706093051497394,
    "HSi": 0.0,
    "AlSi": 0.013979240052467957,
    "ClS": 0.07224674500248612,
    "FS": 0.08708699367321819,
    "PS": 0.007599822909561257,
    "HS": 0.04843317408339381,
    "AlS": 0.04138585425941298,
    "ClF": 0.10444715137614337,
    "ClP": 0.05477690872917903,
    "ClH": 0.09765602524869908,
    "AlCl": 0.033071905115640086,
    "FP": 0.06914332538631443,
    "FH": 0.09624316009103301,
    "AlF": 0.048210575917618195,
    "HP": 0.0,
    "AlP": 0.12460752123290343,
    "AlH": 0.01687665548807627
}