{
    "4": {
        "OC": -388.826726823936,
        "CCl": -217.334217966512
    },
    "3": {
        "PNa": -448.0076830743399
    },
    "2": {
        "NaF": -1049.44849782498
    },
    "1": {
        "AlN": -170.99161109366665
    }
}